24BCE1000,Asmi,a@x.com,CSE3011 Python Programming,2026-10-07 18:47:19
24BCE1003,S1,x@x.com,CSE2001 Data Structures,2026-10-07 18:47:19
24BCE1004,S2,x@x.com,CSE2001 Data Structures,2026-10-07 18:47:19
24BCE1005,S3,x@x.com,CSE2001 Data Structures,2026-10-07 18:47:19
TEST5,Phase 5 Test,test5@example.com,CSE3011 Python Programming,2026-10-07 18:52:29
TESTPHASE8,Valid Name,valid@example.com,CSE3011 Python Programming,2026-10-08 22:38:00
RACE00000,Race Tester,test0@example.com,CSE2005 Database Systems,2026-10-08 22:42:52
RACE00002,Race Tester,test2@example.com,CSE2005 Database Systems,2026-10-08 22:42:52
RACE00001,Race Tester,test1@example.com,CSE2005 Database Systems,2026-10-08 22:42:52
RACE00003,Race Tester,test3@example.com,CSE2005 Database Systems,2026-10-08 22:42:52
RACE00004,Race Tester,test4@example.com,CSE2005 Database Systems,2026-10-08 22:42:52
RACE00005,Race Tester,test5@example.com,CSE2005 Database Systems,2026-10-08 22:42:52
RACE00007,Race Tester,test7@example.com,CSE2005 Database Systems,2026-10-08 22:42:52
RACE00006,Race Tester,test6@example.com,CSE2005 Database Systems,2026-10-08 22:42:52
RACE00008,Race Tester,test8@example.com,CSE2005 Database Systems,2026-10-08 22:42:52
RACE00009,Race Tester,test9@example.com,CSE2005 Database Systems,2026-10-08 22:42:52
